<?xml version="1.0"?>
<database><admintable><item_admin><id>1</id><fname>Lars</fname><lname>Eriksson</lname><email>Lars.Eriksson@BoStad.se</email><worknr>12356</worknr></item_admin><item_admin><id>2</id><fname>Johan</fname><lname>Andersson</lname><email>johan.andersson@BoStad.se</email><worknr>520125910</worknr></item_admin><item_admin><id>3</id><fname>Jan</fname><lname>Vikstr&#xF6;m</lname><email>jan.vikstrom@BoStad.se</email><worknr>52099171</worknr></item_admin></admintable><news><item_news><id>10</id><title>V&#xE4;lkommen</title><body>Hej och v&#xE4;lkommen till BoStad.se, vi arbetar med att dela ut l&#xE4;genheter till folk som beh&#xF6;ver det.</body></item_news><item_news><id>11</id><title>Mera l&#xE4;genheter</title><body>Vi har nu f&#xE5;tt mera lediga l&#xE4;genheter p&#xE5; hemsidan ta en titt p&#xE5; de nya fina l&#xE4;genheter som finns!</body></item_news></news><apartments><item_apartment><id>2</id><name/><address>Kungsgata 23</address><postnr>46130</postnr><city>Trollh&#xE4;ttan</city><price>3400</price><image>kungsgatan23.png</image><floor>2</floor><size>63</size><room>2</room><area>Centrum</area><balkony>Ja</balkony><elevator>Ja</elevator><active>1</active></item_apartment><item_apartment><id>5</id><name/><address>Kungsgatan 23</address><postnr>46130</postnr><city>Trollh&#xE4;ttan</city><price>5622</price><image>kungsgatan23.png</image><floor>2</floor><size>74</size><room>2</room><area>Centrum</area><balkony>Ja</balkony><elevator>Ja</elevator><active>1</active></item_apartment><item_apartment><id>6</id><name/><address>Eriksgatan 12</address><postnr>43212</postnr><city>Trollh&#xC3;&#xA4;ttan</city><price>3289</price><image>eriksgatan12.png</image><floor>4</floor><size>150</size><room>1</room><area>Parken</area><balkony>Nej</balkony><elevator>Ja</elevator><active>1</active></item_apartment><item_apartment><id>7</id><name/><address>Eriksgatan 12</address><postnr>46331</postnr><city>Trollh&#xC3;&#xA4;ttan</city><price>6420</price><image>eriksgatan12.png</image><floor>5</floor><size>60</size><room>3</room><area>Parken</area><balkony>Ja</balkony><elevator>Ja</elevator><active>1</active></item_apartment></apartments></database>
